region,sigungu,category,item_count,applied_item_count,application_rate,applied_examples,application_count,unapplied_examples
강원특별자치도,강릉시,특산품,4,4,100.0,감자|한과|두릅,343,
강원특별자치도,강릉시,유형유산,125,15,12.0,대관령 옛길|명주 청학동 소금강|강릉 오죽헌ㆍ박물관 소장 미타계첩,93,강릉고려성|강릉귀부|강릉비석군
강원특별자치도,강릉시,무형유산,8,2,25.0,강릉단오제|강릉 갈골과줄,24,강릉농악|방짜수저장
강원특별자치도,강릉시,자연유산,6,0,0.0,,0,강릉동대굴|강릉비선굴|강릉서대굴
강원특별자치도,고성군,특산품,50,36,72.0,소주|떡|쌀,587,가시오가피|곤달비|대게
강원특별자치도,고성군,유형유산,18,0,0.0,,0,간성향교|고성화암사|청간정
강원특별자치도,고성군,무형유산,2,0,0.0,,0,각자장
강원특별자치도,고성군,자연유산,1,1,100.0,화진포,10,
강원특별자치도,동해시,특산품,4,4,100.0,막걸리|옥수수|사과,79,
강원특별자치도,동해시,유형유산,34,4,11.8,동해 김진사 고택|동해 무릉계곡|동해 심의관 고택,2,동해해암정|부곡지석묘
강원특별자치도,동해시,무형유산,5,0,0.0,,0,
강원특별자치도,삼척시,특산품,11,9,81.8,고추|마늘|포도,104,신선한 무|찰옥수수
강원특별자치도,삼척시,유형유산,46,1,2.2,삼척 두타산 이승휴 유적,3,삼척교수당|삼척향교|실직군왕릉
강원특별자치도,삼척시,무형유산,1,0,0.0,,0,
강원특별자치도,삼척시,자연유산,5,0,0.0,,0,삼척저승굴|삼척활기굴
강원특별자치도,속초시,특산품,4,4,100.0,오징어|명란젓|오징어젓,207,
강원특별자치도,속초시,유형유산,29,3,10.3,설악산 비룡폭포 계곡 일원|설악산 비선대와 천불동계곡 일원|설악산 토왕성폭포,32,신흥사
강원특별자치도,속초시,무형유산,3,0,0.0,,0,속초아리랑
강원특별자치도,양구군,특산품,11,10,90.9,사과|송이버섯술|쌀,224,파프리카
강원특별자치도,양구군,유형유산,9,0,0.0,,0,
강원특별자치도,양구군,무형유산,2,0,0.0,,0,방짜수저장
강원특별자치도,양구군,자연유산,3,0,0.0,,0,
강원특별자치도,양양군,특산품,13,13,100.0,채소|감|쌀,380,
강원특별자치도,양양군,유형유산,39,6,15.4,양양 하조대|양양 휴휴암 소장 개간비밀교|양양 휴휴암 소장 관동빈흥록,10,낙산사담장|양양향교|의상대
강원특별자치도,양양군,무형유산,2,0,0.0,,0,
강원특별자치도,영월군,특산품,13,12,92.3,콩|고추|포도,175,고추가루
강원특별자치도,영월군,유형유산,69,6,8.7,영월 주천 삼층석탑|영월 장릉|장릉,11,금강정|금몽암|대야굴
강원특별자치도,영월군,무형유산,2,0,0.0,,0,
강원특별자치도,영월군,자연유산,8,0,0.0,,0,고씨굴|관음송|은행나무
강원특별자치도,원주시,특산품,11,11,100.0,쌀|사과|소고기,656,
강원특별자치도,원주시,유형유산,100,9,9.0,원주 기독교 의료 선교 사택|원호 묘역|원성 대안리 느티나무,39,경천묘|금중교문도|김두한가옥
강원특별자치도,원주시,무형유산,9,0,0.0,,0,나전칠기장|생칠장|원주어리랑
강원특별자치도,인제군,특산품,10,9,90.0,콩|고추|오미자,226,백합
강원특별자치도,인제군,유형유산,21,7,33.3,설악산 내설악 만경대|설악산 수렴동·구곡담 계곡 일원|설악산 구 희운각대피소,16,인제성당|인제향교
강원특별자치도,정선군,특산품,4,4,100.0,떡|곤드레|황기,151,
강원특별자치도,정선군,유형유산,21,3,14.3,정선 두위봉 주목|정선 백복령 카르스트지대|정선 상유재 고택,4,정선향교
강원특별자치도,정선군,무형유산,2,1,50.0,정선아리랑(아라리),54,
강원특별자치도,정선군,자연유산,1,0,0.0,,0,정선비룡굴
강원특별자치도,철원군,특산품,7,7,100.0,쌀|사과|토마토,413,
강원특별자치도,철원군,유형유산,24,1,4.2,철원 철새 도래지,2,구은사|철원성산성|철원향교
강원특별자치도,철원군,무형유산,1,0,0.0,,0,
강원특별자치도,춘천시,특산품,3,3,100.0,닭갈비|토마토|막국수,387,
강원특별자치도,춘천시,유형유산,53,5,9.4,강릉 한송사지 석조보살좌상|삼척 흥전리사지 출토 청동정병|양양 선림원지 출토 금동보살입상,17,삼악산성지|소양정|위봉문
강원특별자치도,춘천시,무형유산,2,1,50.0,춘천의병아리랑,1,춘천 필장
강원특별자치도,춘천시,자연유산,2,1,50.0,춘천삼악산,1,
강원특별자치도,태백시,특산품,2,2,100.0,소고기|곰취,30,
강원특별자치도,태백시,유형유산,12,4,33.3,태백 구문소 오르도비스기 지층과 제4기 하식지형|태백 검룡소|태백 장성 오르도비스기 화석산지,10,
강원특별자치도,태백시,자연유산,2,0,0.0,,0,태백용연굴
강원특별자치도,평창군,특산품,10,10,100.0,소고기|감자|고추,493,
강원특별자치도,평창군,유형유산,102,26,25.5,대관령 성황사 및 산신각|오대산 중대불량계원수복문|오대산 중대불량문,127,용다사동종|팔만대장경|평창노산성
강원특별자치도,평창군,무형유산,8,2,25.0,월정사 탑돌이|평창아라리,4,대목장
강원특별자치도,홍천군,특산품,22,21,95.5,쌀|채소|떡,732,애호박
강원특별자치도,홍천군,유형유산,39,1,2.6,홍천향교,2,홍천성당|홍천철비
강원특별자치도,홍천군,무형유산,1,0,0.0,,0,
강원특별자치도,홍천군,자연유산,1,0,0.0,,0,
강원특별자치도,화천군,특산품,30,28,93.3,토마토|사과|쌀,172,찰토마토
강원특별자치도,화천군,유형유산,11,0,0.0,,0,화천향교
강원특별자치도,횡성군,특산품,9,9,100.0,쌀|사과|토마토,595,
강원특별자치도,횡성군,유형유산,17,0,0.0,,0,김관영정|운암정|육절려
강원특별자치도,횡성군,무형유산,3,0,0.0,,0,횡성어러리
경기도,가평군,특산품,15,12,80.0,과일|채소|쌀,545,상추|오디뽕|화훼
경기도,가평군,유형유산,33,0,0.0,,0,가평향교|경현단|별묘
경기도,가평군,무형유산,1,1,100.0,지장,2,
경기도,가평군,자연유산,1,0,0.0,,0,
경기도,고양시,특산품,3,3,100.0,쌀|시금치|열무,1119,
경기도,고양시,유형유산,161,22,13.7,익령군 이치 묘소|백자 청화‘홍치2년’명 송죽문 항아리|판사 법복,170,강지선생묘|고양향교|기준선생묘
경기도,고양시,무형유산,7,2,28.6,경기소리(휘몰이잡가)|고양송포호미걸이,49,금은장|생칠장|환도장
경기도,과천시,유형유산,23,1,4.3,추사 김정희 서신,6,과천향교|남향집|론도
경기도,과천시,무형유산,3,1,33.3,경기소리(긴잡가),1,줄타기
경기도,과천시,자연유산,1,0,0.0,,0,연주대
경기도,광명시,유형유산,28,2,7.1,이순신 묘|류지호 독립운동가 가옥,3,아방리농요|이원익유서|정원용 묘
경기도,광명시,무형유산,1,0,0.0,,0,광명농악
경기도,광주시,특산품,9,9,100.0,도자기|소고기|고추,1761,
경기도,광주시,유형유산,52,12,23.1,남한산성|남한산성 수어장대|남한산성 숭렬전,24,개원사지|김균선생묘|망월사지
경기도,광주시,무형유산,7,2,28.6,숭렬전 제향|현절사 제향,1,
경기도,광주시,자연유산,1,1,100.0,곤지암 바위,19,
경기도,구리시,유형유산,15,10,66.7,구리 동구릉|구리 동구릉 건원릉 정자각|구리 동구릉 목릉 정자각,3,
경기도,구리시,무형유산,3,0,0.0,,0,경기검무|매듭장
경기도,군포시,유형유산,8,0,0.0,,0,
경기도,군포시,무형유산,1,0,0.0,,0,방짜유기장
경기도,김포시,특산품,12,11,91.7,채소|쌀|인삼,1944,화훼
경기도,김포시,유형유산,37,5,13.5,한강 하류 재두루미 도래지|통진 이청|김포 덕포진,40,권상묘역|김포향교|대성원
경기도,김포시,무형유산,2,1,50.0,문배주,2,
경기도,남양주시,특산품,7,7,100.0,딸기|부추|깻잎,387,
경기도,남양주시,유형유산,98,10,10.2,광릉 크낙새 서식지|남양주 광릉|남양주 봉선사 동종,18,남구묘역|류량선생묘|불암사경판
경기도,남양주시,무형유산,3,1,33.3,계명주(엿탁주),6,
경기도,동두천시,유형유산,14,0,0.0,,0,삼충단|자재암|탑동 석불
경기도,동두천시,무형유산,2,1,50.0,경기송서(송서·율창),1,동두천민요
경기도,부천시,특산품,1,1,100.0,쌀,524,
경기도,부천시,유형유산,16,2,12.5,부천 한미재단 소사 4-H 훈련농장 사일로|엄마찾아 삼만리 원화,5,귀인조씨묘|이한규 묘|화유옹주묘
경기도,부천시,무형유산,2,0,0.0,,0,부천성주굿|자리걷이
경기도,성남시,특산품,8,7,87.5,과일|채소|허브,7821,양봉
경기도,성남시,유형유산,85,10,11.8,성남 이무술 집터 다지는 소리|손소 초상|박동형 초상 및 함,104,국조정토록|수내동가옥|아국여지도
경기도,성남시,무형유산,3,0,0.0,,0,화각장
경기도,수원시,유형유산,98,28,28.6,수원 화성|숙지산 화성 채석장|일제강점기 문화재 실측 및 수리도면 일괄,105,거북산당|만석거|무예제보
경기도,수원시,무형유산,4,1,25.0,승무·살풀이춤,1,단청장|불화장
경기도,수원시,자연유산,1,0,0.0,,0,노송지대
경기도,시흥시,특산품,4,4,100.0,연|쌀|포도,680,
경기도,시흥시,유형유산,25,5,20.0,시흥 오이도 유적|관곡지|무지내동 태봉,20,생금집|이숙번 묘
경기도,시흥시,무형유산,3,0,0.0,,0,
경기도,안산시,특산품,3,3,100.0,건조된 김|보존처리된 김|신선한 김,20,
경기도,안산시,유형유산,58,8,13.8,대부도 이찬 자선비|최용신 선생 묘|동주염전 소금운반용 궤도차,39,별망성지|부계전도|부계팔경도
경기도,안산시,무형유산,3,1,33.3,옥로주,3,옥장
경기도,안산시,자연유산,2,0,0.0,,0,
경기도,안성시,특산품,5,5,100.0,쌀|인삼|소고기,994,
경기도,안성시,유형유산,118,8,6.8,일죽 죽림리 삼층석탑|죽산 두현리 석조삼존불상|서운 북산리 석조여래입상,16,경앙사|경책신공문|금광산성
경기도,안성시,무형유산,7,1,14.3,주물유기장 이종문,1,안성향당무|야장|입사장
경기도,안양시,유형유산,28,0,0.0,,0,만안교|안양사귀부|안양사지
경기도,양주시,특산품,24,24,100.0,과일|분말|쌀,1089,
경기도,양주시,유형유산,67,1,1.5,"최제, 최혁 효자 정문",1,권율장군묘|무학대사비|불조삼경
경기도,양주시,무형유산,6,0,0.0,,0,생전예수재|양주농악
경기도,양평군,특산품,3,3,100.0,오디|뽕잎|뽕잎차,59,
경기도,양평군,유형유산,80,5,6.2,양평 용문사 은행나무|양평 지평양조장|양평 용문사 금동관음보살좌상,9,김병호고가|노산사지|류상운초상
경기도,양평군,무형유산,1,0,0.0,,0,
경기도,여주시,특산품,10,9,90.0,쌀|도자기|고구마,540,찰옥수수
경기도,여주시,유형유산,93,4,4.3,주어사지|송암 이충원 영정|여주 영릉과 영릉,4,강한사|기천서원지|대로사비
경기도,여주시,무형유산,2,0,0.0,,0,옹기장
경기도,연천군,특산품,13,12,92.3,인삼|콩|쌀,267,매주
경기도,연천군,유형유산,57,3,5.3,조선왕가|연천 은대리 물거미 서식지|연천 임진강 두루미류 도래지(569),17,권희묘|김잠묘|낙선군묘
경기도,오산시,유형유산,10,0,0.0,,0,
경기도,용인시,특산품,11,9,81.8,채소|쌀|포도,4541,양봉|화훼
경기도,용인시,유형유산,181,23,12.7,양천허씨 노비 분재기|함경도·경기도·강원도 지도|항아 당의,91,미사일록|부모은중경|사은정
경기도,용인시,무형유산,4,1,25.0,주성장(불구),16,
경기도,의왕시,유형유산,36,2,5.6,대한제국기 경인철도 레일|사인비구 제작 동종 - 의왕 청계사 동종,7,상영도집|쌍신폐색기|청계사
경기도,의정부시,특산품,3,2,66.7,부대찌개|떡갈비,36,신선한 배
경기도,의정부시,유형유산,46,2,4.3,숙의홍씨 묘역|신강·신경식 부자 묘역,1,경기수건춤|경명군묘|노강서원
경기도,이천시,특산품,3,3,100.0,쌀|도자기|소고기,767,
경기도,이천시,유형유산,44,2,4.5,청자 양각연판문 접시|청자 양각황촉규문 접시,8,권균묘역|김좌근고택|김해묘역
경기도,이천시,무형유산,5,0,0.0,,0,목조각장|벼루장|지화장
경기도,파주시,특산품,10,10,100.0,쌀|인삼|포도,1373,
경기도,파주시,유형유산,138,14,10.1,김붕준 일가 유물|반구정|파주 이이 유적,71,감악산비|격쟁문서|교하향교
경기도,파주시,무형유산,2,0,0.0,,0,조각장
경기도,파주시,자연유산,1,0,0.0,,0,
경기도,평택시,특산품,7,7,100.0,쌀|떡|토마토,768,
경기도,평택시,유형유산,32,2,6.2,제5로 직봉 - 평택 괴태곶 봉수 유적|지영희 유품 악기 해금,2,농성|삼봉집목판|안재홍생가
경기도,평택시,무형유산,5,1,20.0,평택농악,1,서각장|양태장|평택민요
경기도,포천시,특산품,11,11,100.0,인삼|쌀|포도,1049,
경기도,포천시,유형유산,83,6,7.2,포천 한탄강 멍우리 협곡|포천 한탄강 현무암 협곡과 비둘기낭폭포|한탄강 대교천 현무암 협곡,23,금수정|길명사|독산봉수지
경기도,포천시,무형유산,3,0,0.0,,0,포천메나리|풀피리
경기도,하남시,유형유산,31,1,3.2,동치 9년 명 천룡도,3,광주향교|구산성지|유홍묘역
경기도,하남시,무형유산,1,0,0.0,,0,조선장
경기도,화성시,특산품,1,1,100.0,포도,582,
경기도,화성시,유형유산,97,8,8.2,반송 탄요 유적공원 탄요지|영조 어필 및 홍이원 어전제진시권|여주 신륵사 청동시루,34,금동향로|금산사|남양풍화당
경기도,화성시,무형유산,1,0,0.0,,0,
경상남도,거제시,특산품,26,25,96.2,쌀|유자|고추,278,느타리버섯
경상남도,거제시,유형유산,47,4,8.5,거제 학동 진석중 가옥|거제포로수용소|거제 해금강,9,거제향교
경상남도,거제시,자연유산,6,1,16.7,거제 외도 공룡발자국 화석,11,
경상남도,거창군,특산품,4,4,100.0,사과|소고기|산양삼,186,
경상남도,거창군,유형유산,88,2,2.3,거창 수승대|거창 하성,4,거창만월당|거창요수정|거창향교
경상남도,거창군,무형유산,5,0,0.0,,0,거창일소리|징장
경상남도,거창군,자연유산,3,0,0.0,,0,
경상남도,고성군,특산품,21,16,76.2,쌀|채소|고추,184,녹용|단감|애호박
경상남도,고성군,유형유산,82,1,1.2,고성 박진사 고가,1,고성읍성|고성향교
경상남도,고성군,무형유산,2,0,0.0,,0,고성농요|고성오광대
경상남도,고성군,자연유산,3,0,0.0,,0,
경상남도,김해시,특산품,23,20,87.0,포도|토마토|딸기,413,금어초|안개초|카네이션
경상남도,김해시,유형유산,102,10,9.8,부산 복천동 11호분 출토 도기 거북장식 원통형 기대 및 단경호|부산 복천동 출토 금동관|김해 봉화산 마애여래좌상,24,간 집 록
경상남도,김해시,무형유산,2,1,50.0,김해오광대,3,숭선전제례
경상남도,김해시,자연유산,1,1,100.0,김해 장군차 서식지,16,
경상남도,남해군,특산품,35,31,88.6,마늘|채소|멸치,368,밀면|비자|치자
경상남도,남해군,유형유산,103,5,4.9,남해 관음포 이충무공 유적|남해 금산|남해 지족해협 죽방렴,9,남해장성|남해척화비|남해향교
경상남도,남해군,무형유산,1,0,0.0,,0,
경상남도,남해군,자연유산,3,1,33.3,남해 금산 줄사철나무,2,
경상남도,밀양시,특산품,22,20,90.9,쌀|고추|사과,355,카네이션|화훼
경상남도,밀양시,유형유산,166,9,5.4,밀양 남명리 얼음골|밀양 교동 손대식 고가|밀양 교동 손병순 고가,36,민장초개|밀양읍성|밀양적용지
경상남도,밀양시,무형유산,6,1,16.7,밀양아리랑,17,용호놀이
경상남도,밀양시,자연유산,4,1,25.0,천황산 표충사 일원,1,
경상남도,사천시,특산품,22,21,95.5,녹차|멸치|포도,186,새조개
경상남도,사천시,유형유산,52,5,9.6,사천 백천사 대방광원각약소주경|사천 백천사 불교전적류|사천 백천사 상교정본자비도량참법,1,곤양향교|사천읍성|사천향교
경상남도,사천시,무형유산,5,0,0.0,,0,가산오광대
경상남도,사천시,자연유산,2,0,0.0,,0,
경상남도,산청군,특산품,23,23,100.0,채소|쌀|딸기,424,
경상남도,산청군,유형유산,107,7,6.5,산청 권도 신도비|산청 대원사 다층석탑|산청 대원사 목조보살좌상 및 복장유물,3,산청읍청정|산청척화비|산청향교
경상남도,산청군,자연유산,5,1,20.0,지리산 대원사 일원,117,
경상남도,양산시,유형유산,270,181,67.0,양산 통도사 서운암 동궁어필|양산 통도사 서운암 묘법연화경|양산 통도사 서운암 훈유어필,35,삼강행실도|양산향교|이제묘도
경상남도,양산시,무형유산,2,0,0.0,,0,
경상남도,양산시,자연유산,1,1,100.0,양산 천성산 내원사 일원,2,
경상남도,의령군,특산품,27,24,88.9,쌀|떡|고추장,206,찰옥수수|한지|흑염소
경상남도,의령군,유형유산,81,2,2.5,의령 안희제 생가|의령 화양리 동안,2,의령향교|정암철교
경상남도,의령군,무형유산,4,0,0.0,,0,영제시조|한지장
경상남도,의령군,자연유산,1,0,0.0,,0,
경상남도,진주시,특산품,27,26,96.3,쌀|고추|매실,890,대나무숯
경상남도,진주시,유형유산,322,35,10.9,진양 부원군 신도비|진주 동산리 동안|관문,173,간암일기|경추(초)|계후입안
경상남도,진주시,무형유산,8,1,12.5,한량무,1,두석장|진주검무|진주오광대
경상남도,진주시,자연유산,3,0,0.0,,0,
경상남도,창녕군,특산품,19,18,94.7,양파|고추|마늘,254,육묘
경상남도,창녕군,유형유산,161,9,5.6,창녕 우포늪 천연보호구역|창녕 화왕산 배바위|창녕 남지 개비리,52,구계목도|신초 초상|영산 향교
경상남도,창녕군,무형유산,2,0,0.0,,0,
경상남도,창녕군,자연유산,1,0,0.0,,0,
경상남도,창원시,특산품,18,17,94.4,버섯|고추|토마토,678,안개초
경상남도,창원시,유형유산,265,27,10.2,마산 봉암수원지|진해 보태가|진해 구 태백여인숙,149,간독 Ⅰ|간독 Ⅱ|간독첩 1
경상남도,창원시,무형유산,7,1,14.3,문창제놀이,1,매듭장
경상남도,창원시,자연유산,3,0,0.0,,0,
경상남도,통영시,특산품,22,18,81.8,굴|고구마|마늘,221,꽃식물|미나리진액|애플망고
경상남도,통영시,유형유산,71,10,14.1,통영 욕지도 모밀잣밤나무 숲|통영 욕지도 패총|경상남도립 나전칠기 기술원 양성소,37,통영 명정|통영성지|통영향교
경상남도,통영시,무형유산,3,0,0.0,,0,승전무|통영오광대
경상남도,통영시,자연유산,3,1,33.3,통영 매물도 후박나무,1,
경상남도,하동군,특산품,14,14,100.0,녹차|매실|딸기,653,
경상남도,하동군,유형유산,96,5,5.2,지리산 쌍계사와 불일폭포 일원|고성 운흥사 감로도|고성 운흥사 아미타불회도,70,하동 송림|하동읍성|하동향교
경상남도,하동군,자연유산,5,1,20.0,하동 쌍계사 차나무 시배지,1,
경상남도,함안군,특산품,13,13,100.0,포도|수박|토마토,146,
경상남도,함안군,유형유산,71,2,2.8,함안 이오 부부 묘역|함안 고려동 유적지,5,함안향교
경상남도,함안군,무형유산,3,0,0.0,,0,함안농요
경상남도,함안군,자연유산,4,0,0.0,,0,
경상남도,함양군,특산품,35,33,94.3,쌀|죽염|사과,689,잡곡|파프리카
경상남도,함양군,유형유산,108,13,12.0,지리산 한신계곡 일원|함양 안의 광풍루|함양 상림,155,안의향교|함양거연정|함양군자정
경상남도,함양군,무형유산,3,0,0.0,,0,한지장
경상남도,함양군,자연유산,3,2,66.7,함양 개평리 소나무 군락지|함양 도천리 소나무,3,
경상남도,합천군,특산품,45,42,93.3,쌀|고추|양파,211,가공한 밀|떡가래|육묘
경상남도,합천군,유형유산,196,58,29.6,가야산 해인사 일원|합천 해인사|합천 해인사 감로왕도,32,삼가향교|주자영정|초계향교
경상남도,합천군,무형유산,1,0,0.0,,0,
경상남도,합천군,자연유산,3,0,0.0,,0,
경상북도,경산시,특산품,8,8,100.0,포도|대추|소고기,421,
경상북도,경산시,유형유산,42,5,11.9,경산 팔공산 관봉 석조여래좌상|경산 하양 육영재|경산 상엿집과 관련 문서,27,경산구연정|난포고택|용산산성
경상북도,경산시,무형유산,4,1,25.0,대목장,1,
경상북도,경산시,자연유산,2,0,0.0,,0,
경상북도,경주시,특산품,8,8,100.0,포도|소고기|사과,337,
경상북도,경주시,유형유산,354,88,24.9,신라 경순왕 영정|경주 양남 주상절리군|경주 월성,181,경주간묘|경주사마소|경주유연정
경상북도,경주시,무형유산,7,3,42.9,경주 석장|경주교동법주|가곡,8,가야금병창|경주 와장
경상북도,경주시,자연유산,2,0,0.0,,0,
경상북도,고령군,특산품,8,8,100.0,쌀|딸기|감자,191,
경상북도,고령군,유형유산,53,2,3.8,기와 생산도구|고령 고아리 벽화 고분,4,고령향교|나씨할매릉|남와구거
경상북도,고령군,무형유산,2,0,0.0,,0,
경상북도,구미시,특산품,1,1,100.0,돼지고기,147,
경상북도,구미시,유형유산,93,4,4.3,선산 궁기동 석불상|선산 삼강정려|구미 금오산 마애여래입상,61,구미용수암|근암고택|금오서원
경상북도,구미시,무형유산,2,0,0.0,,0,
경상북도,군위군,특산품,1,0,0.0,,0,찰옥수수
경상북도,김천시,특산품,17,17,100.0,포도|소주|자두,396,
경상북도,김천시,유형유산,108,12,11.1,백지금니 금강 및 보문발원|금릉 조룡리 은행나무|김천 청암사 수도암 동·서 삼층석탑,18,관락사|구로재|금오산성
경상북도,김천시,무형유산,3,0,0.0,,0,김천과하주|김천징장
경상북도,김천시,자연유산,3,0,0.0,,0,
경상북도,나주시,특산품,1,0,0.0,,0,신선한 배
경상북도,문경시,특산품,48,41,85.4,채소|사과|오미자,831,돼지감자|민들레김치|새송이버섯
경상북도,문경시,유형유산,103,4,3.9,문경새재|문경 조령 관문|문경 구 가은역,68,관산지관|소양서원|황방촌유물
경상북도,문경시,무형유산,9,1,11.1,문경호산춘,1,불화장|자수장
경상북도,문경시,자연유산,1,0,0.0,,0,문경모산굴
경상북도,봉화군,특산품,13,12,92.3,사과|고추|감자,166,화훼
경상북도,봉화군,유형유산,111,9,8.1,봉화 청량산|권벌 종가 고문서|권벌 종가 유묵,7,각화사귀부|감고당문적|개암종택
경상북도,봉화군,무형유산,1,0,0.0,,0,봉화유기장
경상북도,상주시,특산품,10,10,100.0,포도|사과|쌀,668,
경상북도,상주시,유형유산,142,8,5.6,낙동 물량리 암각화|함창 오봉산 고분군|상주 함창 사마소 유물,22,견훤산성|기영회도|노소재문적
경상북도,상주시,무형유산,2,0,0.0,,0,상주민요
경상북도,상주시,자연유산,2,0,0.0,,0,
경상북도,성주군,특산품,11,9,81.8,참외|사과|포도,142,새송이버섯
경상북도,성주군,유형유산,76,1,1.3,성주 세종대왕자 태실,2,가야산산성|구강재|덕암서원
경상북도,성주군,무형유산,2,0,0.0,,0,무명짜기
경상북도,성주군,자연유산,2,0,0.0,,0,
경상북도,안동시,특산품,23,22,95.7,쌀|소주|콩,1357,양조업
경상북도,안동시,유형유산,461,101,21.9,안동 진성이씨 온혜파 종택|안동 진성이씨 종택|안동 하회 양진당,320,간산고택|광풍정|구암정사
경상북도,안동시,무형유산,7,5,71.4,안동소주|하회별신굿탈놀이|안동놋다리밟기,66,안동포짜기
경상북도,안동시,자연유산,5,0,0.0,,0,
경상북도,영덕군,특산품,4,4,100.0,과메기|가자미|대게,127,
경상북도,영덕군,유형유산,91,1,1.1,영덕 구 영해언론인협회 및 구 대구매일신문 지국,1,각리언곡재|갈암종택|강파헌정침
경상북도,영덕군,무형유산,4,0,0.0,,0,영덕 토염|영덕별신굿
경상북도,영덕군,자연유산,1,0,0.0,,0,
경상북도,영양군,특산품,31,26,83.9,고추|채소|버섯,204,담배|상황버섯|잡곡
경상북도,영양군,유형유산,176,3,1.7,신원리 검마산 부도군(新院里 劍磨山 浮圖群)|석천서당 주사(石川書堂 廚舍)|영양 주사골 시무나무와 비술나무 숲,3,검산성|남악정|만곡정사
경상북도,영주시,특산품,27,25,92.6,인삼|사과|포도,1179,애호박|인견
경상북도,영주시,유형유산,150,25,16.7,영풍 단촌리 느티나무|영풍 병산리 갈참나무|영풍 태장리 느티나무,15,군자정|단운재사|도강서당
경상북도,영주시,무형유산,1,0,0.0,,0,영풍장도장
경상북도,영주시,자연유산,1,0,0.0,,0,
경상북도,영천시,특산품,40,36,90.0,포도|사과|쌀,803,뽕잎음료|사슴중탕|산수유주
경상북도,영천시,유형유산,101,9,8.9,영천 은해사 기기암 신중도|영천 은해사 백흥암 극락전|영천 은해사 백흥암 수미단,4,강호정|고천서원|구황촬요
경상북도,영천시,무형유산,1,0,0.0,,0,
경상북도,영천시,자연유산,2,0,0.0,,0,
경상북도,예천군,특산품,13,13,100.0,쌀|사과|참기름,328,
경상북도,예천군,유형유산,106,11,10.4,용궁 척화비|예천 회룡포|예천 금당실 송림,57,노봉서원|대지재사|무이서당
경상북도,예천군,무형유산,4,0,0.0,,0,예천궁장
경상북도,예천군,자연유산,3,1,33.3,예천 수한리 소나무,2,
경상북도,울릉군,특산품,16,13,81.2,채소|명이|소라,79,서덜취|섬초롱꽃|음나무
경상북도,울릉군,유형유산,18,5,27.8,독도 사철나무|독도 천연보호구역|울릉 성인봉 원시림,30,
경상북도,울진군,특산품,3,3,100.0,대게|송이버섯|방풍,65,
경상북도,울진군,유형유산,39,0,0.0,,0,장백손교지
경상북도,울진군,자연유산,1,0,0.0,,0,
경상북도,의성군,특산품,9,9,100.0,마늘|사과|쌀,445,
경상북도,의성군,유형유산,112,3,2.7,의성 소우당 고택|의성사촌리류한식 고택|의성 만취당,12,경수정|경윤정|관덕정
경상북도,의성군,자연유산,3,0,0.0,,0,
경상북도,청도군,특산품,16,16,100.0,쌀|고추|건시,404,
경상북도,청도군,유형유산,91,0,0.0,,0,고운영정|금호서원|도주관
경상북도,청도군,무형유산,3,0,0.0,,0,
경상북도,청도군,자연유산,3,0,0.0,,0,
경상북도,청송군,특산품,33,26,78.8,사과|포도|고추,330,꽃돌|꽃송이버섯|남근목
경상북도,청송군,유형유산,69,3,4.3,청송 주왕산 주왕계곡 일원|청송 주산지 일원|일 신 재,21,금대정사|낙 은 재|낙금당
경상북도,청송군,무형유산,4,0,0.0,,0,청송사기장
경상북도,청송군,자연유산,1,0,0.0,,0,
경상북도,칠곡군,특산품,15,13,86.7,쌀|포도|버섯,326,꽃식물|단감
경상북도,칠곡군,유형유산,42,12,28.6,칠곡 가산산성|송림사 복장전적|칠곡 가실성당,13,금오산성|동산재|묵헌종택
경상북도,칠곡군,무형유산,1,0,0.0,,0,칠곡 석장
경상북도,포항시,특산품,11,11,100.0,오징어|징어|과메기,506,
경상북도,포항시,유형유산,123,13,10.6,영일 냉수리 고분|영일 기천고택|영일 일월지,97,광남서원|금산서원|나곡서원
경상북도,포항시,무형유산,6,2,33.3,포항 향토 침선장 (*해제)|화진리 구진마을 앉은 줄다리기,2,
경상북도,포항시,자연유산,2,1,50.0,영일 우각동 향나무,50,
광주광역시,광산구,유형유산,36,2,5.6,광주 장덕동 근대 한옥|황현 초상 및 사진,2,고내상성지|김봉호가옥|만취정
광주광역시,광산구,무형유산,2,0,0.0,,0,광산농악|대목장
광주광역시,광산구,자연유산,1,0,0.0,,0,
광주광역시,광주시,특산품,15,0,0.0,,0,가공한 밀|가지|고추
광주광역시,남구,유형유산,24,1,4.2,광주향교,1,고씨삼강문|고원희가옥|부용정
광주광역시,남구,무형유산,2,1,50.0,광주 칠석 고싸움놀이,2,필장
광주광역시,남구,자연유산,3,0,0.0,,0,괘고정수
광주광역시,동구,유형유산,23,3,13.0,무등산 주상절리대|광주 서석초등학교 본관·별관·체육관|광주 지산동 오층석탑,27,약사암|오지호가|증심사
광주광역시,동구,무형유산,1,0,0.0,,0,화류소목장
광주광역시,동구,자연유산,1,0,0.0,,0,
광주광역시,북구,유형유산,53,6,11.3,광주 구 무등산 관광호텔|고운 묘 출토유물|순천 매곡동 석탑 청동불감 및 금동아미타여래삼존좌상,38,김봉선유품|김용학가옥|목장승
광주광역시,북구,무형유산,3,0,0.0,,0,용전들노래|탱화장
광주광역시,서구,유형유산,21,0,0.0,,0,만귀정|병천사|운천사
광주광역시,서구,무형유산,2,0,0.0,,0,광주영산재
대구광역시,군위군,특산품,8,3,37.5,소고기|토마토|옥수수,11,대추|사과|오이
대구광역시,군위군,유형유산,37,0,0.0,,0,광석재|군위향교|양암정
대구광역시,남구,유형유산,12,0,0.0,,0,대덕산성|천자문
대구광역시,남구,무형유산,2,0,0.0,,0,가곡|판소리
대구광역시,달서구,유형유산,39,0,0.0,,0,대구읍지|대장일람집|번역명의집
대구광역시,달서구,무형유산,2,0,0.0,,0,모필장|영제시조
대구광역시,달성군,특산품,18,16,88.9,감자|포도|마늘,249,단감|화훼
대구광역시,달성군,유형유산,54,6,11.1,달성 현풍 석빙고|현풍 추보당|현풍 한훤당 종택 내 사당,31,관수정|논공천왕당|도곡재
대구광역시,달성군,무형유산,2,1,50.0,하향주,2,
대구광역시,동구,유형유산,94,36,38.3,대구 불로동 고분군|대구 동화사 금당 아미타극락회상도|대구 동화사 사명당 유정 진영,41,독암서당|동계정|문창공영당
대구광역시,동구,무형유산,3,0,0.0,,0,공산농요|살풀이춤|창호장
대구광역시,동구,자연유산,1,0,0.0,,0,
대구광역시,북구,유형유산,49,3,6.1,대구 산격동 사자 주악장식 승탑|대구 구암동 고분군|대구 산격동 연화 운룡장식 승탑,4,경의재|구천서당|능성세가
대구광역시,북구,무형유산,1,0,0.0,,0,대고장
대구광역시,북구,자연유산,1,0,0.0,,0,
대구광역시,서구,무형유산,3,1,33.3,동부민요,4,날뫼북춤|천왕메기
대구광역시,수성구,유형유산,46,10,21.7,구미 선산읍 금동보살입상(1976-1)|구미 선산읍 금동보살입상(1976-2)|구미 선산읍 금동여래입상,33,고산서당터|독무재|야수정
대구광역시,수성구,무형유산,2,0,0.0,,0,고산농악|욱수농악
대구광역시,중구,유형유산,64,8,12.5,건들바위|금보|금보(琴譜),4,관풍루|성모당|윤희손초상
대구광역시,중구,무형유산,2,0,0.0,,0,단청장|수건춤
대구광역시,중구,자연유산,1,1,100.0,건들바위(대구입암),1,
대전광역시,대덕구,유형유산,26,3,11.5,대전 회덕 동춘당|대전 동춘당 종택|대전 소대헌·호연재 고택,14,법동석장승|석실갈초|송애당
대전광역시,대덕구,무형유산,6,1,16.7,송순주,1,국화주|목기장
대전광역시,동구,유형유산,45,1,2.2,능성,1,갈현성|견두산성|계현산성
대전광역시,동구,무형유산,3,0,0.0,,0,매사냥|승무
대전광역시,서구,유형유산,24,1,4.2,만회집 탄옹 문집 목판,1,권시의 묘|김여온의묘|도산서원
대전광역시,유성구,유형유산,77,2,2.6,김반·김익겸의묘|통영 측우대,2,각전상량문|갑진북정록|구성동산성
대전광역시,유성구,무형유산,3,0,0.0,,0,대목장|불상조각장
대전광역시,유성구,자연유산,1,0,0.0,,0,
대전광역시,중구,유형유산,44,1,2.3,대전 보문산 근대식 별장,5,가족도|국사봉유적|무수동도
대전광역시,중구,무형유산,10,0,0.0,,0,살풀이춤|소목장|입춤
부산광역시,강서구,유형유산,21,3,14.3,가덕도 등대|가덕도 척화비|김해 죽도왜성,24,묘법연화경|천성진성
부산광역시,강서구,무형유산,1,0,0.0,,0,목조각장
부산광역시,강서구,자연유산,2,1,50.0,가덕도 동백군락,23,
부산광역시,금정구,유형유산,138,5,3.6,금정산성|금정산성 부설비|범어사 석조,43,거제선생안|대동여지도|범어사바라
부산광역시,금정구,무형유산,1,0,0.0,,0,전각장
부산광역시,금정구,자연유산,1,1,100.0,금정산 금샘,8,
부산광역시,기장군,특산품,19,18,94.7,채소|미역|쌀,726,화훼
부산광역시,기장군,유형유산,67,6,9.0,해동용궁사 금강반야바라밀경론|해동용궁사 목조보살좌상|해동용궁사 목조여래좌상,9,구산단|기장산성|기장읍성
부산광역시,기장군,무형유산,3,0,0.0,,0,주성장
부산광역시,기장군,자연유산,2,0,0.0,,0,
부산광역시,남구,유형유산,55,6,10.9,부산 오륙도|조선후기 문인 초상|독립운동가 서영해 관련 자료,16,경상총여도|곤여전도|나전함
부산광역시,남구,자연유산,1,0,0.0,,0,신선대
부산광역시,동구,유형유산,20,3,15.0,부산 초량동 일본식 가옥|부산 수정동 일본식 가옥|고려 오백나한도(2025),19,부산진성|정공단
부산광역시,동래구,유형유산,37,0,0.0,,0,군관청|내주축성비|동래읍성지
부산광역시,동래구,무형유산,8,0,0.0,,0,동래야류|동래학춤|동래한량춤
부산광역시,부산진구,유형유산,28,0,0.0,,0,경국대전|교린수지|동모
부산광역시,북구,유형유산,7,0,0.0,,0,구포왜성|만덕사지
부산광역시,북구,무형유산,1,0,0.0,,0,불화장
부산광역시,사상구,유형유산,8,0,0.0,,0,
부산광역시,사상구,무형유산,1,0,0.0,,0,부산영산재
부산광역시,사하구,유형유산,9,0,0.0,,0,다대진동헌|윤공단
부산광역시,사하구,무형유산,3,0,0.0,,0,화혜장
부산광역시,사하구,자연유산,1,1,100.0,몰운대,1,
부산광역시,서구,유형유산,73,3,4.1,전 경주 출토 승사리구|부산 전차|양산 금조총 출토 유물 일괄,5,거제부도|관북여지도|광포도
부산광역시,서구,무형유산,3,0,0.0,,0,부산농악
부산광역시,수영구,유형유산,11,2,18.2,고려 십육나한도(제7 가리가존자)|부산 좌수영성지 곰솔,17,25의용단
부산광역시,수영구,무형유산,6,0,0.0,,0,동장각장|선화|수영야류
부산광역시,연제구,유형유산,15,1,6.7,마하사 대웅전 석조석가여래삼존상,1,배산성지
부산광역시,영도구,유형유산,30,2,6.7,부산 동삼동 패총|부산 영도 태종대,3,감로도|관음보살도|농기
부산광역시,중구,유형유산,9,1,11.1,구 부산 임시측후소 청사,1,
부산광역시,해운대구,유형유산,27,7,25.9,장산 마고당+천제당|장산 마고당·천제단|원각사 현왕도,43,반송삼절사|법어|삼절사
부산광역시,해운대구,자연유산,1,1,100.0,해운대 동백섬,3,
서울특별시,강남구,유형유산,44,6,13.6,전주 이씨 광평대군파 묘역|봉은사 대웅전 신중도|청자 퇴화점문 나한좌상,45,
서울특별시,강남구,무형유산,1,0,0.0,,0,
서울특별시,강동구,유형유산,8,0,0.0,,0,
서울특별시,강동구,무형유산,2,0,0.0,,0,백동장
서울특별시,강북구,유형유산,35,4,11.4,서울 이준 묘소|사인비구 제작 동종 - 서울 화계사 동종|서울 구 천도교 중앙총부 본관(2022),5,봉황각
서울특별시,강북구,무형유산,1,1,100.0,삼각산 도당제,6,
서울특별시,강서구,유형유산,13,1,7.7,풍산 심씨 문정공파 묘역,3,주역참동계|진산세고
서울특별시,강서구,무형유산,1,0,0.0,,0,경제어산
서울특별시,강서구,자연유산,1,0,0.0,,0,허가바위
서울특별시,관악구,유형유산,134,20,14.9,고려 수월관음보살도|백자 반합|감지은니 대방광불화엄경 진본 권13,21,국한회어|도성도|벽역신방
서울특별시,광진구,유형유산,28,9,32.1,이이 남매 화회문기|황후 적의|아차산 일대 보루군,24,간호교과서|동국정운|아차산성
서울특별시,광진구,자연유산,1,0,0.0,,0,
서울특별시,구로구,유형유산,3,0,0.0,,0,묘법연화경|여계묘역
서울특별시,금천구,유형유산,7,1,14.3,김소월 시집 진달래꽃(2011-1),1,
서울특별시,금천구,무형유산,1,0,0.0,,0,
서울특별시,노원구,유형유산,77,14,18.2,기병 정위 예복 및 상복|정간공 이명 묘역|보병 부위 예복 및 상복(황석),13,각궁|다비문|복장의식집
서울특별시,노원구,무형유산,1,0,0.0,,0,마들농요
서울특별시,도봉구,유형유산,20,1,5.0,전주 이씨 영해군파 묘역,1,
서울특별시,도봉구,무형유산,2,0,0.0,,0,
서울특별시,도봉구,자연유산,1,0,0.0,,0,
서울특별시,동대문구,유형유산,40,4,10.0,배봉산 보루|서울 세종 영릉 신도비|서울 청계천 수표,7,용비어천가
서울특별시,동작구,유형유산,42,3,7.1,양녕대군 이제 묘역|소방 헬기 까치2호|동래 정씨 임당공파 묘역,15,사육신묘|용양봉저정|정문경
서울특별시,동작구,무형유산,1,0,0.0,,0,옥장
서울특별시,마포구,유형유산,25,8,32.0,독립신문 유인물(평양)|서울 동교동 김대중 가옥|백자 청화 운룡문 호,30,망원정 터
서울특별시,마포구,무형유산,1,0,0.0,,0,
서울특별시,서대문구,유형유산,151,21,13.9,제중원 1차년도 보고서|윤동주 친필원고|서울 연세대학교 언더우드 가옥,181,기사계첩|대사례도|독립신문
서울특별시,서대문구,무형유산,3,0,0.0,,0,살풀이춤|영산재|입사장
서울특별시,서초구,유형유산,79,24,30.4,"대한국ㆍ대청국통상조약(한문)|해관 보고문서(인천, 부산, 원산)|대조선국ㆍ대덕국 통상조약(한문, 영문, 독문)",220,가곡원류|구약전서|대악후보
서울특별시,서초구,무형유산,2,0,0.0,,0,삼현육각|재담소리
서울특별시,서초구,자연유산,1,0,0.0,,0,잠실뽕나무
서울특별시,성동구,유형유산,35,2,5.7,안정사터 마애불 명문 약사불|아날로그 전자계산기 3호기,12,아기씨당
서울특별시,성동구,무형유산,1,0,0.0,,0,
서울특별시,성북구,유형유산,174,23,13.2,4·19 혁명 부상자 명단(고려대학교 4·18 학생 의거)|서울 정릉|이징 필 산수화조도첩,31,괴원성회록|국문연구안|금보
서울특별시,성북구,무형유산,1,0,0.0,,0,한량무
서울특별시,송파구,유형유산,22,7,31.8,자수 '상궁청신녀'명 연화봉황문 방석|자수 연지봉황문 방석|자수 연지화조문 방석,31,
서울특별시,송파구,무형유산,2,0,0.0,,0,
서울특별시,양천구,유형유산,1,0,0.0,,0,
서울특별시,영등포구,유형유산,8,3,37.5,조선 이흠례 묘지|뉴욕 월도프 아스토리아 호텔 게양 태극기|대한민국임시의정원 문서,39,법화영험전|삼도합도
서울특별시,영등포구,무형유산,1,0,0.0,,0,민화장
서울특별시,용산구,유형유산,452,169,37.4,평양 석암리 금제 띠고리|고려 수월관음보살도(2025)|고려 십육나한도(제15 아벌다존자),847,강현 초상|건칠반|경향신문
서울특별시,용산구,무형유산,1,1,100.0,시조,1,
서울특별시,은평구,유형유산,35,14,40.0,진관사 명호스님 초상|서울 진관사 소장 괘불도 및 괘불함|서울 진관사 태극기,2,금암기적비|백자호
서울특별시,은평구,무형유산,4,1,25.0,진관사 수륙재,1,나전장|대금정악|홍염장
서울특별시,종로구,유형유산,502,132,26.3,서울 문묘 및 성균관<대성전·동무·서무·삼문·명륜당>|서울 문묘와 성균관|금성 라디오 A-501(2013-2),355,간평의|감로탱화|경수연도
서울특별시,종로구,무형유산,10,0,0.0,,0,단청장|매듭장|사직대제
서울특별시,종로구,자연유산,4,3,75.0,성균관 대성전 은행나무|인왕산 백운동 계곡|인왕산 수성동 계곡,63,선바위
서울특별시,중구,유형유산,99,28,28.3,서울 남대문로 2층 한옥 상가|배재학당 피아노|서울광장 지하배수로,136,관성묘|광통관|농기일괄
서울특별시,중구,자연유산,1,1,100.0,손기정 월계관 기념수,18,
서울특별시,중랑구,유형유산,44,5,11.4,망우 독립유공자 묘역 - 서광조 묘소|망우 독립유공자 묘역 - 서동일 묘소|망우 독립유공자 묘역 - 오재영 묘소,3,근사록|묘법연화경|법화영험전
서울특별시,중랑구,무형유산,2,0,0.0,,0,
세종특별자치시,세종시,특산품,7,0,0.0,,0,감자|고추|돼지고기
울산광역시,남구,유형유산,29,1,3.4,울산 개운포 경상좌수영성,1,부북일기|성암동패총|송호유집
울산광역시,동구,유형유산,24,0,0.0,,0,남목마성|망 조 대|묘법연화경
울산광역시,동구,무형유산,1,0,0.0,,0,
울산광역시,북구,유형유산,33,0,0.0,,0,곽암|관문성|달천철장
울산광역시,북구,무형유산,1,0,0.0,,0,
울산광역시,울주군,유형유산,79,4,5.1,서생 이길봉수대|가지산 철쭉나무군락|울주 대곡리 반구대 암각화,19,간월사지|대대리고분|만정헌
울산광역시,울주군,무형유산,2,0,0.0,,0,벼루장
울산광역시,중구,유형유산,18,0,0.0,,0,울산왜성|울산향교
울산광역시,중구,무형유산,4,1,25.0,울산 마두희,1,모필장|장도장|판각장
인천광역시,강화군,특산품,18,16,88.9,쌀|인삼|연,676,감나무|화문석
인천광역시,강화군,유형유산,133,9,6.8,강화 갯벌 및 저어새 번식지|강화 대산리 고인돌|강화 부근리 점골 고인돌,22,강화 가릉|강화 곤릉|강화 석릉
인천광역시,강화군,무형유산,5,0,0.0,,0,자수장
인천광역시,강화군,자연유산,1,0,0.0,,0,
인천광역시,계양구,유형유산,10,3,30.0,이찰·이율 형제 정려|계양산성|인천 계양산성,5,부평향교|어사대|욕은지
인천광역시,계양구,무형유산,2,0,0.0,,0,목조각장
인천광역시,계양구,자연유산,1,1,100.0,계산동 은행나무,1,
인천광역시,남동구,유형유산,9,0,0.0,,0,김재로 묘|논현포대|이승훈 묘
인천광역시,남동구,무형유산,3,0,0.0,,0,인천수륙재
인천광역시,동구,유형유산,7,1,14.3,화도진 터,3,
인천광역시,미추홀구,유형유산,19,1,5.3,이윤생·부인 강씨 정려,4,문학산성|원도사터|인천향교
인천광역시,미추홀구,무형유산,10,0,0.0,,0,꽃맞이굿|단소장|삼현육각
인천광역시,부평구,유형유산,5,1,20.0,여지도,1,
인천광역시,부평구,무형유산,2,0,0.0,,0,
인천광역시,서구,유형유산,25,0,0.0,,0,류사눌 묘|류사눌묘|심즙신도비
인천광역시,서구,무형유산,4,1,25.0,고법(북·장구),1,서곶들노래|서도좌창|휘모리잡가
인천광역시,연수구,유형유산,44,1,2.3,영일정씨 판결사공파?승지공파 동춘 묘역,1,능허대 터|불랑기|산거사요
인천광역시,연수구,무형유산,4,1,25.0,규방다례,2,대금장|주대소리
인천광역시,옹진군,특산품,10,9,90.0,버섯|고추|쌀,39,식용곤충
인천광역시,옹진군,유형유산,13,9,69.2,백령 중화동교회|백령도 패총|옹진 백령도 남포리 습곡구조,28,
인천광역시,중구,유형유산,29,3,10.3,송학동 구 인천시장 관사|신흥동 구 인천시장 관사|인천 선린동 공화춘,25,용궁사
인천광역시,중구,무형유산,3,1,33.3,지화장,1,단청장
인천광역시,중구,자연유산,1,0,0.0,,0,
전라남도,강진군,특산품,8,8,100.0,쌀|된장|도자기,222,
전라남도,강진군,유형유산,137,11,8.0,강진 청자 대평명 양각해석류화문와|강진 병영 박약국 문적|병영 양로당,69,가래치기|강덕사|강수재
전라남도,강진군,무형유산,2,0,0.0,,0,청자장
전라남도,고성군,특산품,3,0,0.0,,0,녹용|돼지고기|소고기
전라남도,고흥군,특산품,11,11,100.0,채소|유자|석류,368,
전라남도,고흥군,유형유산,81,5,6.2,고흥 능가사 대웅전|고흥 능가사 동종|고흥 능가사 목조사천왕상,1,고흥남휘루|고흥독치성|고흥무열사
전라남도,고흥군,무형유산,5,0,0.0,,0,
전라남도,곡성군,특산품,32,27,84.4,쌀|채소|포도,424,깐토란|만주|삼베
전라남도,곡성군,유형유산,49,1,2.0,곡성 신숭겸 유적,1,곡성함허정|곡성향교|관음사
전라남도,곡성군,무형유산,2,0,0.0,,0,초고장
전라남도,곡성군,자연유산,1,0,0.0,,0,
전라남도,광양시,특산품,9,8,88.9,매실|떡|고사리,277,장도
전라남도,광양시,유형유산,26,4,15.4,광양 산남리 남정 지석묘군|광양 중흥산성 삼층석탑|광양중흥산성,3,광양향교|옥홀
전라남도,광양시,무형유산,1,1,100.0,광양 진월 전어잡이 소리,2,
전라남도,광양시,자연유산,15,1,6.7,진상 청암리 양복수 정려비,2,
전라남도,구례군,특산품,13,13,100.0,채소|쌀|산수유,260,
전라남도,구례군,유형유산,100,24,24.0,지리산 화엄사 일원|구례 화엄사 구층암 동종|구례 오산 사성암 일원,100,곡전재|구례향교|구산리입석
전라남도,구례군,무형유산,3,0,0.0,,0,
전라남도,나주시,특산품,8,8,100.0,쌀|토마토|참외,526,
전라남도,나주시,유형유산,95,8,8.4,나주 영산포 자기수위표|나주 남파고택|나주 반남 고분군,19,금성토평비|나씨삼강문|나주경렬사
전라남도,나주시,무형유산,2,1,50.0,나주반장,1,
전라남도,담양군,특산품,9,9,100.0,딸기|소고기|죽순,352,
전라남도,담양군,유형유산,97,5,5.2,창평 문일정|담양 보리암명 철제 수정|담양 관방제림,42,계당|관수정|남희정
전라남도,담양군,무형유산,11,0,0.0,,0,낙죽장|담양죽렴장|목조각장
전라남도,목포시,유형유산,72,9,12.5,신안 압해도 수각류 공룡알둥지 화석|고하도 조선 육지면발상지비|유달산 마애불,45,목포오포대|목포진지|약사사
전라남도,목포시,무형유산,1,0,0.0,,0,시조창
전라남도,무안군,특산품,9,9,100.0,양파|쌀|고구마,361,
전라남도,무안군,유형유산,50,1,2.0,영친왕궁 언 장비 등 비각,1,경기묘|도산사|동암묘
전라남도,무안군,무형유산,1,0,0.0,,0,
전라남도,보성군,특산품,27,25,92.6,녹차|쌀|고추,519,용문석|쪽파
전라남도,보성군,유형유산,88,6,6.8,벌교 고수묵 고택|벌교 오충각|보성 벌교 홍교,24,보성향교|산앙정|오봉사
전라남도,보성군,무형유산,2,1,50.0,보성 강하주,1,옹기장
전라남도,순천시,특산품,16,16,100.0,쌀|매실|오이,586,
전라남도,순천시,유형유산,163,60,36.8,순천 낙안읍성|순천 낙안읍성 ㄱ자집|순천 낙안읍성 대나무 서까래집,18,낙안객사|낙안향교|능견난사
전라남도,순천시,무형유산,4,1,25.0,판소리,1,
전라남도,신안군,특산품,23,23,100.0,소금|고추|쌀,540,
전라남도,신안군,유형유산,93,59,63.4,신안 증도 태평염전|흑산 김이수 묘소|흑산 김이수 생가,106,장산토성|지도향교
전라남도,신안군,무형유산,3,0,0.0,,0,
전라남도,여수시,특산품,16,14,87.5,쌀|김치|굴,559,새고막|잡곡
전라남도,여수시,유형유산,64,8,12.5,여수 오충사와 이순신 자당 기거지|여수 거문도 구 삼산면 의사당|여수 거문도 근대역사문화공간,47,돌산군관청|돌산향교|여수 석보
전라남도,여수시,무형유산,3,0,0.0,,0,각자장
전라남도,영광군,특산품,14,13,92.9,굴비|쌀|소금,435,찰보리쌀
전라남도,영광군,유형유산,69,1,1.4,영광 대마 성산리 지석묘군,3,내산서원|영광정렬각|영광향교
전라남도,영광군,무형유산,2,0,0.0,,0,
전라남도,영암군,특산품,24,23,95.8,쌀|무화과|고구마,364,알탈리
전라남도,영암군,유형유산,78,5,6.4,영암 월출산 마애여래좌상|영암 월출산 용암사지 삼층석탑|월출산,48,김완 초상|남해당지|도갑사
전라남도,영암군,무형유산,1,0,0.0,,0,
전라남도,완도군,특산품,22,20,90.9,전복|다시마|미역,611,구엽초|부지화
전라남도,완도군,유형유산,56,10,17.9,완도 청산도 석조보살좌상|청산도 상서마을 옛 담장|완도 청해진 유적,96,관음사지|숭모사|신호사
전라남도,완도군,무형유산,6,1,16.7,청해진 열두군고 진법,29,조선장
전라남도,장성군,특산품,14,14,100.0,사과|포도|토마토,225,
전라남도,장성군,유형유산,54,21,38.9,장성 황룡 전적|장성 백양사 각진국사 복구 진영|장성 백양사 고불매,20,장성향교
전라남도,장성군,무형유산,3,0,0.0,,0,소목장|악기장
전라남도,장흥군,특산품,17,16,94.1,쌀|버섯|미역,457,편백
전라남도,장흥군,유형유산,88,1,1.1,장흥 천관산,3,강성서원|동백정|만수사
전라남도,장흥군,자연유산,1,0,0.0,,0,
전라남도,진도군,특산품,9,7,77.8,쌀|소주|개,303,양조업
전라남도,진도군,유형유산,40,1,2.5,진도의 바닷길,2,남도진성|용장성|전왕온의묘
전라남도,진도군,무형유산,14,2,14.3,진도아리랑|진도홍주,26,강강술래|남도들노래|남도잡가
전라남도,함평군,특산품,34,29,85.3,쌀|사과|딸기,296,꾸지뽕|도라지가루|돗자리
전라남도,함평군,유형유산,50,2,4.0,"함평 향교 느티나무,팽나무,개서어나무 숲|함평향교",1,신덕고분군|영파정|이규행가옥
전라남도,함평군,무형유산,1,0,0.0,,0,남도노동요
전라남도,해남군,특산품,11,11,100.0,채소|고구마|쌀,570,
전라남도,해남군,유형유산,118,22,18.6,화산 호미재|화원 정어사 철비|해남윤씨 녹우당 일원,31,금강산성|이진성지|정운충신각
전라남도,해남군,무형유산,5,1,20.0,해남진양주,1,대장장이
전라남도,화순군,특산품,10,10,100.0,쌀|버섯|토마토,191,
전라남도,화순군,유형유산,145,6,4.1,화순 적벽|화순 송단 복조리 마을|주도리 상촌 초가,33,금오산성지|능주향교|대리칠충각
전라남도,화순군,무형유산,8,2,25.0,화순 능주 들소리|화순 능주 씻김굿,2,
전북특별자치도,고창군,특산품,27,25,92.6,쌀|복분자|보리,657,자수
전북특별자치도,고창군,유형유산,110,20,18.2,고창 선운산 도솔계곡 일원|고창 부곡리 고인돌|고창 선운사 석상암 산신도,47,고창읍성|김정회고가|나한전
전북특별자치도,고창군,무형유산,4,0,0.0,,0,고창농악|자수장
전북특별자치도,고창군,자연유산,1,0,0.0,,0,
전북특별자치도,군산시,특산품,5,5,100.0,쌀|꽃게장|한과,319,
전북특별자치도,군산시,유형유산,76,10,13.2,군산 둔율동 성당|군산 둔율동 성당 성당신축기 및 건축허가신청서|군산 어청도 등대,34,노성당|민살풀이춤|불이농촌
전북특별자치도,군산시,무형유산,2,0,0.0,,0,
전북특별자치도,김제시,특산품,1,1,100.0,연,93,
전북특별자치도,김제시,유형유산,73,2,2.7,김제 금산사 육각 다층석탑|김제 벽골제,6,귀신사부도|귀신사석수|귀신사석탑
전북특별자치도,김제시,무형유산,7,0,0.0,,0,김제농악|김해순|탱화장
전북특별자치도,김제시,자연유산,3,0,0.0,,0,
전북특별자치도,남원시,특산품,14,12,85.7,쌀|딸기|복숭아,434,복령|지초
전북특별자치도,남원시,유형유산,133,4,3.0,지리산 천년송|남원 광한루|남원 동북교회 선교종,152,광한루원|구천사|귀정사지
전북특별자치도,남원시,무형유산,6,1,16.7,옻칠장(정제)(박강용),2,남원농악|목기장
전북특별자치도,무주군,특산품,16,15,93.8,천마|사과|포도,281,다래
전북특별자치도,무주군,유형유산,51,0,0.0,,0,도남사|두길교회|백련사지
전북특별자치도,무주군,무형유산,3,0,0.0,,0,삼베짜기
전북특별자치도,무주군,자연유산,2,0,0.0,,0,마산동굴
전북특별자치도,부안군,특산품,14,14,100.0,쌀|소금|감자,479,
전북특별자치도,부안군,유형유산,63,4,6.3,부안 위도 진리 대월습곡|부안 채석강·적벽강 일원|부안 도청리 솔섬 응회암 내 구상구조,13,개암사동종|남문안당산|내소사일원
전북특별자치도,부안군,무형유산,6,1,16.7,위도띠뱃놀이,1,가사|대목장|부안농악
전북특별자치도,부안군,자연유산,1,1,100.0,부안 도청리 솔섬,1,
전북특별자치도,순창군,특산품,16,16,100.0,고추|고추장|콩,337,
전북특별자치도,순창군,유형유산,40,1,2.5,귀래정,1,구암정|낙덕정|삼외당
전북특별자치도,순창군,무형유산,1,0,0.0,,0,금과들소리
전북특별자치도,순창군,자연유산,2,0,0.0,,0,
전북특별자치도,완주군,특산품,15,15,100.0,포도|생강|딸기,364,
전북특별자치도,완주군,유형유산,61,2,3.3,완주 대둔산 동학농민혁명 전적지|완주 구 삼례 양곡창고,11,경복사지|남계정|되재성당지
전북특별자치도,완주군,무형유산,2,0,0.0,,0,
전북특별자치도,익산시,특산품,1,1,100.0,마늘,199,
전북특별자치도,익산시,유형유산,106,7,6.6,익산 솜리 근대역사문화공간|고종황제 어진|원불교 익산성지 송대,17,금마도토성|김육불망비|망모당
전북특별자치도,익산시,무형유산,8,2,25.0,여산 호산춘|석장,6,모필장|이리농악|익산기세배
전북특별자치도,익산시,자연유산,4,0,0.0,,0,
전북특별자치도,임실군,특산품,10,10,100.0,치즈|고추|복숭아,228,
전북특별자치도,임실군,유형유산,70,1,1.4,청성군 사우,4,광제정|노동환가옥|단구대
전북특별자치도,임실군,무형유산,4,0,0.0,,0,
전북특별자치도,장수군,특산품,22,21,95.5,사과|토마토|고추,218,느타리버섯
전북특별자치도,장수군,유형유산,61,0,0.0,,0,계남향약|권희문가옥|근수루
전북특별자치도,장수군,무형유산,1,0,0.0,,0,깃절놀이
전북특별자치도,전주시,특산품,14,14,100.0,쌀|포도|토마토,1482,
전북특별자치도,전주시,유형유산,94,22,23.4,이화 개국공신녹권|이형 부인 동래정씨 의복|고창 봉덕리 1호분 출토 금동신발,44,관성묘|남고사지|동고사
전북특별자치도,전주시,무형유산,34,2,5.9,전통음식|야장,4,가곡|가야금병창|가야금산조
전북특별자치도,정읍시,특산품,11,11,100.0,쌀|소고기|귀리,385,
전북특별자치도,정읍시,유형유산,110,14,12.7,내장산 굴거리나무군락|정읍 내장산 단풍나무|정읍 내장산 조선왕조실록 보존터,40,고부관아터|군자정|금사동토성
전북특별자치도,정읍시,무형유산,3,0,0.0,,0,수건춤|정읍농악
전북특별자치도,정읍시,자연유산,1,0,0.0,,0,
전북특별자치도,진안군,특산품,3,3,100.0,홍삼|인삼|고로쇠,370,
전북특별자치도,진안군,유형유산,71,6,8.5,마이산 용암일대 암각서군|진안 마이산|진안 마이산 줄사철나무군락,40,고무정|고지집|금당사석탑
전북특별자치도,진안군,무형유산,3,0,0.0,,0,매사냥
전북특별자치도,진안군,자연유산,1,0,0.0,,0,
제주특별자치도,남제주군,특산품,8,0,0.0,,0,갈치|감귤|고등어
제주특별자치도,북제주군,특산품,14,0,0.0,,0,건멸치|건제어패류|꿩
제주특별자치도,서귀포시,특산품,6,6,100.0,감귤|버섯|녹차,912,
제주특별자치도,서귀포시,유형유산,126,24,19.0,한라산 백록담|한라산 모세왓 유문암질 각력암 지대|한라산 선작지왓,125,당포연대|대정성지|대정향교
제주특별자치도,서귀포시,무형유산,9,1,11.1,고소리술,2,구덕장|제주민요
제주특별자치도,서귀포시,자연유산,4,0,0.0,,0,
제주특별자치도,제주도 일원,유형유산,3,0,0.0,,0,
제주특별자치도,제주도 일원,무형유산,2,0,0.0,,0,
제주특별자치도,제주시,특산품,17,16,94.1,감귤|돼지고기|토마토,1997,향수
제주특별자치도,제주시,유형유산,186,21,11.3,제주 물장오리 오름|제주 우도 홍조단괴 해빈|제주 흑돼지,281,곽지패총|귀덕연대|귤수소조
제주특별자치도,제주시,무형유산,14,0,0.0,,0,고분양태|영감놀이|정동벌립장
제주특별자치도,제주시,자연유산,13,2,15.4,용연·용두암|녹나무,4,광령귤나무|동백동산|무환자나무
충청남도,계룡시,특산품,5,3,60.0,토마토|딸기|엿,39,상추|양봉
충청남도,계룡시,유형유산,9,1,11.1,6·25 전쟁 군사 기록물(육군),8,두마신원재|모원재|염선재
충청남도,계룡시,무형유산,1,0,0.0,,0,
충청남도,공주시,특산품,24,23,95.8,쌀|사과|소주,1128,양조업
충청남도,공주시,유형유산,212,30,14.2,공주 계룡산 중악단|공주 공산성|공주 의당 금동보살입상,44,갑사강당|갑사대적전|갑사사적비
충청남도,공주시,무형유산,8,2,25.0,공주 의당 집터다지기|판소리(흥보가),7,계룡백일주
충청남도,금산군,특산품,11,11,100.0,인삼|포도|사과,1358,
충청남도,금산군,유형유산,62,1,1.6,금산 미륵사 석조,1,개삼각|귀봉사|귀암사
충청남도,금산군,무형유산,4,0,0.0,,0,금산농악
충청남도,금산군,자연유산,1,0,0.0,,0,
충청남도,논산시,특산품,11,11,100.0,쌀|딸기|포도,603,
충청남도,논산시,유형유산,152,9,5.9,강경 구 연수당 건재 약방|강경 갑문|강경 중앙초등학교 강당,51,강경성당|개태사지|개태사철확
충청남도,논산시,무형유산,3,0,0.0,,0,논산 칠장
충청남도,논산시,자연유산,2,0,0.0,,0,
충청남도,당진시,유형유산,60,4,6.7,당진 면천 은행나무|심훈 상록수 친필원고|송악 가교리 한옥 정미소,25,골정지|당진농기|당진포진성
충청남도,당진시,무형유산,4,2,50.0,면천두견주|기지시줄다리기,16,대장장
충청남도,보령시,특산품,20,18,90.0,채소|쌀|소주,334,냉풍삼|양조업
충청남도,보령시,유형유산,58,2,3.4,보령 성주사지 중앙 삼층석탑|보령 외연도 상록수림,13,남포읍성|남포향교|보령관아문
충청남도,보령시,무형유산,3,1,33.3,보령 외연도 당제,1,보령 석장
충청남도,보령시,자연유산,3,0,0.0,,0,
충청남도,부여군,특산품,10,10,100.0,토마토|포도|밤,238,
충청남도,부여군,유형유산,273,8,2.9,백제 금동대향로|부여 구드래 일원|임천관아지 소나무,108,가교비|고란사|군창지
충청남도,부여군,무형유산,7,1,14.3,세도 가회리장군제,6,내포제시조|산유화가|은산별신제
충청남도,부여군,자연유산,6,1,16.7,부여 저동리 쌀바위,2,낙화암|부여 동매|천정대
충청남도,서산시,특산품,11,11,100.0,쌀|인삼|감자,541,
충청남도,서산시,유형유산,80,2,2.5,서산 해미읍성|서산유기방가옥,21,백암사지|부석사|부성사
충청남도,서산시,무형유산,5,2,40.0,앉은굿(내포 앉은굿)|승무,4,대목장
충청남도,서산시,자연유산,3,0,0.0,,0,
충청남도,서천군,특산품,8,8,100.0,쌀|소주|건조된 김,262,
충청남도,서천군,유형유산,55,1,1.8,서천읍성,1,문헌서원|비인읍성|비인향교
충청남도,서천군,무형유산,12,1,8.3,한산소곡주,5,서천베틀장|서천부채장|서천침선장
충청남도,아산시,유형유산,124,26,21.0,이순신 관련 고문서 - 사패교지|이순신 관련 고문서 - 이순신 등 선유호상교서|이순신 관련 고문서 - 이순신 무과홍패,20,갈곡 연정|관음사석탑|기성도병
충청남도,아산시,무형유산,4,1,25.0,대장장,1,아산연엽주|옹기장
충청남도,아산시,자연유산,1,0,0.0,,0,형제송
충청남도,예산군,특산품,13,13,100.0,쌀|사과|고추,489,
충청남도,예산군,유형유산,87,8,9.2,예산 용궁리 백송|서산 문수사 금동여래좌상 복장유물|보부상 유품(2),7,김정희묘|남연군비|남연군의묘
충청남도,예산군,무형유산,3,0,0.0,,0,소목장
충청남도,예산군,자연유산,1,0,0.0,,0,
충청남도,천안시,특산품,30,30,100.0,콩|쌀|포도,3763,
충청남도,천안시,유형유산,155,21,13.5,이유 정려각|오자경 사우|천안 성거산 천주교 교우촌터,41,광덕봉수대|광덕사부도|광덕산성
충청남도,청양군,특산품,23,21,91.3,채소|쌀|구기자,530,사슴|양봉
충청남도,청양군,유형유산,79,0,0.0,,0,금정역지|대금장|두률성
충청남도,청양군,무형유산,4,0,0.0,,0,
충청남도,청양군,자연유산,1,0,0.0,,0,
충청남도,태안군,특산품,5,5,100.0,소금|마늘|고추,205,
충청남도,태안군,유형유산,33,3,9.1,안면도 꽃지 할미 할아비 바위|태안 안면도 모감주나무군락|태안 내파수도 해안 자갈톱,27,경이정|백화산성|숭의사
충청남도,태안군,무형유산,2,0,0.0,,0,
충청남도,태안군,자연유산,1,0,0.0,,0,
충청남도,홍성군,특산품,3,3,100.0,포도|마늘|딸기,147,
충청남도,홍성군,유형유산,66,3,4.5,효자 박기룡 정려|효자 장명항과 열녀배씨 정려|효자 정용해 정려,1,결성동헌|결성향교|권빙 묘갈
충청남도,홍성군,무형유산,6,0,0.0,,0,결성농요|대장장|옹기장
충청남도,홍성군,자연유산,1,0,0.0,,0,
충청북도,괴산군,특산품,14,14,100.0,고추|고추장|된장,511,
충청북도,괴산군,유형유산,72,6,8.3,괴산 연풍 풍락헌|괴산 목도 양조장과 부속건물|괴산 송덕리 미선나무 자생지,11,괴산동헌|괴산향교|유근 초상
충청북도,괴산군,자연유산,3,0,0.0,,0,
충청북도,단양군,특산품,6,6,100.0,마늘|고추|감자,122,
충청북도,단양군,유형유산,84,9,10.7,소백산 주목군락|단양 죽령 산신당|단양 도담삼봉,33,단양 석문|단양 적성|단양향교
충청북도,단양군,무형유산,2,1,50.0,단양 구인사 삼회향놀이,1,자석벼루장
충청북도,단양군,자연유산,2,0,0.0,,0,
충청북도,보은군,특산품,5,5,100.0,대추|쌀|사과,236,
충청북도,보은군,유형유산,89,7,7.9,속리산 법주사 일원|보은 속리산 금강골 쌍탑|보은 속리산 망개나무,53,보은 성당|보은동헌|보은향교
충청북도,보은군,무형유산,3,0,0.0,,0,목불조각장
충청북도,보은군,자연유산,1,0,0.0,,0,
충청북도,영동군,특산품,20,19,95.0,포도|감|채소,378,고로쇠
충청북도,영동군,유형유산,120,9,7.5,영동 추풍령 전적 및 장지현 순절비|영동 박연 묘소|상촌 석현리 동제당과 돌배나무,20,강선대|계술재|고반대
충청북도,영동군,무형유산,3,0,0.0,,0,악기장
충청북도,옥천군,특산품,12,10,83.3,포도|인삼|복숭아,549,양봉|잎들깨
충청북도,옥천군,유형유산,47,2,4.3,금강의 어름치|전식 초상,2,옥천 지재|옥천성당|옥천향교
충청북도,옥천군,무형유산,1,0,0.0,,0,
충청북도,음성군,특산품,17,16,94.1,인삼|우유|쌀,1900,화훼
충청북도,음성군,유형유산,66,5,7.6,동의보감|음성 경녕군 부인 김씨 묘소|음성 권근 삼대 묘소 및 신도비,8,강당말강당|경호정|권제부조묘
충청북도,제천시,유형유산,77,7,9.1,제천 청풍 금남루|제천 청풍 금병헌|제천 청풍 망월산성,74,강상찰|공회첩|권섭 초상
충청북도,제천시,무형유산,1,0,0.0,,0,
충청북도,제천시,자연유산,3,0,0.0,,0,
충청북도,증평군,특산품,9,9,100.0,인삼|사과|쌀,257,
충청북도,증평군,유형유산,32,0,0.0,,0,기성전|단군전|대장장이
충청북도,증평군,무형유산,1,0,0.0,,0,증평 필장
충청북도,진천군,특산품,13,11,84.6,인삼|쌀|토마토,510,애호박|참숯
충청북도,진천군,유형유산,94,5,5.3,진천 김유신 탄생지와 태실|진천 배티 성지|진천 농다리,19,경모사|노은영당|대운사지
충청북도,진천군,무형유산,1,0,0.0,,0,
충청북도,청주시,특산품,11,11,100.0,쌀|포도|사과,1588,
충청북도,청주시,유형유산,393,53,13.5,청원 구례손씨 묘 출토유물|청원 전 박장군 묘 출토유물|오창 김사렴 묘소梧倉 金士廉 墓所,157,간이벽온방|당음비사|부모은중경
충청북도,청주시,무형유산,9,2,22.2,충청도 앉은굿|청주 신선주,5,궁시장|대목장|배첩장
충청북도,청주시,자연유산,2,1,50.0,청주 압각수,1,
충청북도,충주시,특산품,4,4,100.0,사과|고구마|밤,263,
충청북도,충주시,유형유산,109,5,4.6,충주 계립령로 하늘재|충주 견학리 토성|충주 청룡사지 보각국사탑 앞 사자 석등,6,묘법연화경|삼탄집|십현담요해
충청북도,충주시,무형유산,5,2,40.0,충주 청명주|택견,10,사기장|야장|주물유기장
